{"metadata":{"asset_id":"eabc74a4-78dc-46ca-b511-c39f9c8bfd02","asset_attributes":["data_asset"],"name":"result.csv","asset_type":"data_asset","created_at":"2023-07-19T09:17:36Z","origin_country":"us","owner_id":"IBMid-665002K8F4","project_id":"24cafda7-6b0a-4da8-918d-3e33e3b8abfc","size":62305,"usage":{"last_update_time":1689758257056,"last_updated_at":"2023-07-19T09:17:37Z"}},"entity":{"data_asset":{"mime_type":"text/csv","dataset":false},"location_definition":{"physical_location_code":"DAL","physical_location_code_assigned_by":"IBMid-665002K8F4","physical_location_code_rds_id":"c57cb90f-2126-3800-9c9f-9eab82021cdf","physical_location_code_rds_version":"00002023-0406-4084-8146-217133000000_3","physical_location_code_assignment_method":"INFERRED","physical_location_code_added_on":"1689755282420"}},"attachments":[{"id":"bc7df382-f009-46b8-8c67-d5623d28b6ce","version":2,"asset_type":"data_asset","name":"result.csv","mime":"text/csv","datasource_type":"193a97c1-4475-4a19-b90c-295c4fdc6517","object_key":"result.csv","creator_id":"IBMid-665002K8F4","create_time":1689758257029,"size":62305,"is_remote":false,"is_managed":false,"is_referenced":true,"is_object_key_read_only":false,"is_user_provided_path_key":true,"transfer_complete":true,"is_partitioned":false,"complete_time_ticks":1689758257029,"user_data":{},"test_doc":0,"handle":{"bucket":"tvecpdctl1-donotdelete-pr-wb6gdqbflieze1","location":"us-south","type":"bluemix_cos","key":"result.csv","upload_id":"done","max_part_num":1},"usage":{"access_count":0,"last_accessor_id":"IBMid-665002K8F4","last_access_time":1689758257029}}]}
