{"metadata":{"asset_id":"6e5a1fdc-bd7e-4264-85d9-c6073a0218c6","asset_attributes":["job"],"name":"boston_cal_v1_job","asset_type":"job","created_at":"2023-07-21T05:52:31Z","origin_country":"us","owner_id":"IBMid-665002K8F4","project_id":"24cafda7-6b0a-4da8-918d-3e33e3b8abfc","size":0,"usage":{"last_update_time":1689918751145,"last_updated_at":"2023-07-21T05:52:31Z"}},"entity":{"job":{"asset_ref_type":"notebook","configuration":{"env_id":"rt222pys2-24cafda7-6b0a-4da8-918d-3e33e3b8abfc","file_ref":"","entrypoint":"","run_results":"log_and_new_notebook","env_type":"notebook","env_variables":[]},"last_run_initiator":"deprecated field","last_run_time":"deprecated field","last_run_status":"deprecated field","last_run_status_timestamp":0,"future_scheduled_runs":[],"enable_notifications":true,"retention_policy":{"amount":5},"task_credentials_support":{"task_credentials_enabled":true,"user_id":"IBMid-665002K8F4","account_id":"c4d6f348889c4d69b9d9dae7dc54a82e"},"project_name":"TVE_cpdctl_1","asset_ref":"8d1c8381-6758-44da-9c55-1ab9195c2642","schedule_id":"","schedule_creator_id":""}}}
