{"metadata":{"asset_id":"8d1c8381-6758-44da-9c55-1ab9195c2642","asset_attributes":["notebook"],"name":"boston_cal_v1","asset_type":"notebook","created_at":"2023-07-21T05:18:22Z","description":"","origin_country":"us","owner_id":"IBMid-665002K8F4","project_id":"24cafda7-6b0a-4da8-918d-3e33e3b8abfc","size":24863,"tags":["notebook"],"usage":{"last_update_time":1689918728941,"last_updated_at":"2023-07-21T05:52:08Z"}},"entity":{"notebook":{"kernel":{"name":"python3","display_name":"Python 3.10","language":"python"},"originates_from":{"type":"blank"},"runtime":{"environment":"rt222pys2-24cafda7-6b0a-4da8-918d-3e33e3b8abfc"}},"location_definition":{"physical_location_code":"DAL","physical_location_code_assigned_by":"IBMid-665002K8F4","physical_location_code_rds_id":"c57cb90f-2126-3800-9c9f-9eab82021cdf","physical_location_code_rds_version":"00002023-0406-4084-8146-217133000000_3","physical_location_code_assignment_method":"INFERRED","physical_location_code_added_on":"1689755282420"}},"attachments":[{"id":"27b78999-50ee-4003-885c-b6af04959643","version":2,"asset_type":"notebook","name":"attachment for notebook 8d1c8381-6758-44da-9c55-1ab9195c2642","description":"attachment for notebook 8d1c8381-6758-44da-9c55-1ab9195c2642","mime":"application/json","datasource_type":"193a97c1-4475-4a19-b90c-295c4fdc6517","object_key":"notebook/boston_cal_v1_c2w1swW00.ipynb","creator_id":"IBMid-665002K8F4","create_time":1689916704006,"size":24863,"is_remote":false,"is_managed":false,"is_referenced":true,"is_object_key_read_only":false,"is_user_provided_path_key":true,"transfer_complete":true,"is_partitioned":false,"complete_time_ticks":1689916704006,"user_data":{},"test_doc":0,"handle":{"bucket":"tvecpdctl1-donotdelete-pr-wb6gdqbflieze1","location":"us-south","type":"bluemix_cos","key":"notebook/boston_cal_v1_c2w1swW00.ipynb","upload_id":"done","max_part_num":1},"usage":{"access_count":13,"last_accessor_id":"IBMid-665002K8F4","last_access_time":1689918723552,"last_updater_id":"IBMid-665002K8F4","last_update_time":1689918723552}}]}
